Dose,Geography Type,School Year,Population Size,Percent Surveyed,Footnotes,Number of Exemptions,Survey Type,Vax,State,Perc,SUMLEV,REGION,DIVISION,STATE,ESTIMATESBASE2020,POPESTIMATE2020,POPESTIMATE2021,POPESTIMATE2022,POPESTIMATE2023,NPOPCHG_2020,NPOPCHG_2021,NPOPCHG_2022,NPOPCHG_2023,NPOPCHG_2024,BIRTHS2020,BIRTHS2021,BIRTHS2022,BIRTHS2023,BIRTHS2024,DEATHS2020,DEATHS2021,DEATHS2022,DEATHS2023,DEATHS2024,NATURALCHG2020,NATURALCHG2021,NATURALCHG2022,NATURALCHG2023,NATURALCHG2024,INTERNATIONALMIG2020,INTERNATIONALMIG2021,INTERNATIONALMIG2022,INTERNATIONALMIG2023,INTERNATIONALMIG2024,DOMESTICMIG2020,DOMESTICMIG2021,DOMESTICMIG2022,DOMESTICMIG2023,DOMESTICMIG2024,NETMIG2020,NETMIG2021,NETMIG2022,NETMIG2023,NETMIG2024,RESIDUAL2020,RESIDUAL2021,RESIDUAL2022,RESIDUAL2023,RESIDUAL2024,RBIRTH2021,RBIRTH2022,RBIRTH2023,RBIRTH2024,RDEATH2021,RDEATH2022,RDEATH2023,RDEATH2024,RNATURALCHG2021,RNATURALCHG2022,RNATURALCHG2023,RNATURALCHG2024,RINTERNATIONALMIG2021,RINTERNATIONALMIG2022,RINTERNATIONALMIG2023,RINTERNATIONALMIG2024,RDOMESTICMIG2021,RDOMESTICMIG2022,RDOMESTICMIG2023,RDOMESTICMIG2024,RNETMIG2021,RNETMIG2022,RNETMIG2023,RNETMIG2024,Population,state_postal,total_area_rank,total_area_sq_mi,total_area_km2,land_area_rank,land_area_km2,percent_land,water_area_rank,water_area_sq_mi,water_area_km2,percent_water,Area
,States,2023-24,80639.0,88.5,§,,"Census (pub.), vol. response (prv.)",MMR,Indiana,90.8,40,2,3,18,6786587,6790497,6815907,6844545,6880131,3910,25410,28638,35586,44144,19436,77715,80484,79794,79422,19164,77891,79651,72089,70263,272,-176,833,7705,9159,342,6065,25958,25365,30852,1683,16463,4652,3173,4268,2025,22528,30610,28538,35120,1613,3058,-2805,-657,-135,11.423297441,11.783504675,11.627815476,11.506760957,11.449167613,11.661546778,10.505020301,10.179793321,-0.025870171,0.1219578971,1.1227951756,1.3269676363,0.8914919769,3.8004598969,3.6962621194,4.4698772262,2.4198899283,0.6810902011,0.4623788569,0.6183532997,3.3113819052,4.481550098,4.1586409763,5.0882305258,6924275,IN,38,36419.55,94326,38,92789,0.9837,39,593.44,1537,0.0163,35826.11
,States,2023-24,20699.0,100.0,*,,Census,MMR,New Mexico,95.0,40,4,8,35,2117555,2118606,2117333,2113868,2121164,1051,-1273,-3465,7296,9092,5327,21433,21441,21571,20833,5510,24657,25427,22436,22270,-183,-3224,-3986,-865,-1437,155,2261,5702,9904,12103,729,-1039,-4616,-1487,-1571,884,1222,1086,8417,10532,350,729,-565,-256,-3,10.11959804,10.134711161,10.186936014,9.8004901892,11.641810706,12.018809789,10.595433517,10.476499617,-1.522212666,-1.884098628,-0.408497504,-0.676009427,1.0675318979,2.6952158501,4.6771783543,5.6936270705,-0.490564194,-2.181886419,-0.702237905,-0.739047189,0.5769677042,0.5133294306,3.9749404491,4.9545798815,2130256,NM,5,121590.3,314917,5,314161,0.9976,49,292.15,757,0.0024,121298.15
,States,2023-24,65424.0,100.0,*. ‡,,Census,MMR,Massachusetts,96.3,40,1,1,25,7033132,6994598,7000474,7022468,7066568,-38534,5876,21994,44100,69603,17113,66440,68959,68144,67851,22112,61657,63764,61574,61133,-4999,4783,5195,6570,6718,908,16475,72892,74610,90217,-29143,-14713,-54843,-36572,-27480,-28235,1762,18049,38038,62737,-5300,-669,-1250,-508,148,9.4947707307,9.8351686829,9.6733374803,9.5546359051,8.8112444152,9.0942399961,8.7406973763,8.6086211962,0.6835263155,0.7409286867,0.932640104,0.9460147089,2.3544001774,10.396106609,10.591214331,12.704169245,-2.102597257,-7.821896432,-5.191554624,-3.869676124,0.2518029203,2.5742101764,5.399659707,8.8344931214,7136171,MA,44,10554.39,27336,45,20202,0.739,16,2754.33,7134,0.261,7800.06
,States,2023-24,49979.0,93.8,‡,,"Census (pub.), vol. response (prv.)",MMR,Oklahoma,88.3,40,3,7,40,3959405,3965415,3992238,4026229,4063882,6010,26823,33991,37653,31511,11579,47473,48249,48693,47642,10346,50810,51638,45300,44506,1233,-3337,-3389,3393,3136,176,2181,12261,11835,14358,3911,26585,26026,22660,14036,4087,28766,38287,34495,28394,690,1394,-907,-235,-19,11.931407414,12.03446993,12.03765931,11.677998352,12.770096912,12.879768664,11.198857469,10.909302603,-0.838689498,-0.845298734,0.8388018409,0.7686957481,0.5481515718,3.0581905494,2.9257942196,3.5194303415,6.6816183113,6.4915151487,5.6019008886,3.4405017603,7.2297698832,9.5497056981,8.5276951083,6.9599321018,4095393,OK,20,69898.87,181037,19,177660,0.9813,30,1303.95,3377,0.0187,68594.92
,States,2023-24,7874.0,100.0,*,,Census,MMR,District of Columbia,92.0,40,3,5,11,689545,670917,669256,676725,687324,-18628,-1661,7469,10599,14926,2187,8508,8502,8061,7746,2007,5840,5603,5035,4985,180,2668,2899,3026,2761,53,1747,10017,10320,12502,-15117,-6432,-4864,-2580,-337,-15064,-4685,5153,7740,12165,-3744,356,-583,-167,0,12.69686824,12.633164956,11.819223503,11.148740549,8.7152927271,8.3255261404,7.3824327425,7.1748607847,3.981575513,4.3076388151,4.4367907604,3.9738797646,2.6071260949,14.884311146,15.131421232,17.994003918,-9.598760757,-7.227442289,-3.782855308,-0.485040739,-6.991634662,7.6568688562,11.348565924,17.508963179,702250,DC,—,68.34,177,—,158,0.8933,—,7.29,19,0.1067,61.05
,States,2023-24,74834.0,99.6,,,Census,MMR,Arizona,89.3,40,4,8,4,7158110,7187135,7274078,7377566,7473027,29025,86943,103488,95461,109357,18110,75693,79173,78647,78322,17991,80277,79806,70779,68662,119,-4584,-633,7868,9660,251,8017,33411,52767,64486,30189,83565,68790,35208,34902,30440,91582,102201,87975,99388,-1534,-55,1920,-382,309,10.468416446,10.807387894,10.591765595,10.404498423,11.102388161,10.89379458,9.5321446086,9.1212388689,-0.633971715,-0.086406686,1.0596209862,1.2832595537,1.1087589955,4.5607168725,7.1063828899,8.566488155,11.557121799,9.3900725407,4.741628836,4.6364725613,12.665880794,13.950789413,11.848011726,13.202960716,7582384,AZ,6,113990.3,295234,6,294207,0.9965,48,396.22,1026,0.0035,113594.08
,States,2023-24,84053.0,97.2,§,,Census,MMR,Washington,91.3,40,4,9,53,7707586,7727209,7743760,7794123,7857320,19623,16551,50363,63197,100860,21105,82602,83978,82165,82072,15169,64953,70873,67819,65635,5936,17649,13105,14346,16437,667,13991,43544,67068,81581,12045,-15688,-3452,-17293,2671,12712,-1697,40092,49775,84252,975,599,-2834,-924,171,10.678322735,10.80945197,10.499351402,10.378679144,8.396759117,9.1226069858,8.666165797,8.3000853593,2.2815636176,1.686844984,1.8331856047,2.0785937846,1.808677918,5.6048819521,8.5702002045,10.316588157,-2.028056549,-0.444333375,-2.209764301,0.3377699093,-0.219378631,5.1605485767,6.3604359036,10.654358066,7958180,WA,18,71297.95,184661,20,172119,0.9321,11,4842.43,12542,0.0679,66455.52
,States,2023-24,31261.0,91.3,,,Census,MMR,Nevada,91.9,40,4,8,32,3105595,3116967,3148141,3176116,3214363,11372,31174,27975,38247,53104,8168,33362,33533,32797,31951,7007,32376,33468,29391,28893,1161,986,65,3406,3058,137,3612,7725,27009,33005,10423,25674,20262,8174,16853,10560,29286,27987,35183,49858,-349,902,-77,-342,188,10.650095737,10.60456588,10.264332298,9.8586356014,10.335336598,10.584010106,9.1983715149,8.9150749094,0.314759139,0.0205557744,1.0659607832,0.943560692,1.1530527487,2.4429747241,8.4528874909,10.1838524,8.1958682915,6.4077092376,2.5581806935,5.2000746703,9.3489210401,8.8506839618,11.011068184,15.38392707,3267467,NV,7,110571.82,286380,7,284332,0.9928,36,790.65,2048,0.0072,109781.18
,States,2023-24,92633.0,1.9,†,,Stratified 2-stage cluster sample,MMR,Virginia,94.2,40,3,5,51,8631388,8637615,8658910,8683414,8734685,6227,21295,24504,51271,76510,23580,94275,95620,94428,93593,19692,83637,86147,79759,78443,3888,10638,9473,14669,15150,766,14319,41157,46416,56155,137,-4643,-25629,-9646,5284,903,9676,15528,36770,61439,1436,981,-497,-168,-79,10.901033589,11.027357118,10.842515018,10.66837343,9.6709599182,9.9348853129,9.1581750684,8.9414723,1.2300736709,1.0924718048,1.6843399501,1.7269011301,1.6557082998,4.7464226825,5.3296286811,6.4009328686,-0.536870845,-2.95565923,-1.107583554,0.6023066384,1.1188374543,1.7907634525,4.2220451267,7.0032395069,8811195,VA,35,42774.93,110787,36,102279,0.9232,15,3284.84,8508,0.0768,39490.09
,States,2023-24,46228.0,100.0,*,,Census,MMR,Utah,88.8,40,4,8,49,3271608,3284077,3339738,3391011,3443222,12469,55661,51273,52211,60391,11862,45704,46280,45448,45695,4973,21976,23312,21196,21709,6889,23728,22968,24252,23986,118,2055,15177,27421,33133,4658,30032,13488,493,3220,4776,32087,28665,27914,36353,804,-154,-360,45,52,13.799902322,13.751812763,13.300102586,13.155631305,6.6354510203,6.9270151063,6.2028906536,6.2500404861,7.1644513019,6.8247976562,7.0972119329,6.9055908194,0.620488344,4.5097506979,8.0246020292,9.5390202877,9.0678861049,4.0078749037,0.1442736881,0.9270408754,9.6883744489,8.5176256015,8.1688757173,10.466061163,3503613,UT,13,84896.88,219882,12,212818,0.9679,17,2727.26,7064,0.0321,82169.62
,States,2023-24,58069.0,26.7,†,,Stratified 1-stage cluster sample,MMR,South Carolina,92.1,40,3,5,45,5118252,5132249,5194274,5287935,5387830,13997,62025,93661,99895,91001,13492,55815,57613,58152,57999,14075,64948,64615,58965,58516,-583,-9133,-7002,-813,-517,340,4027,13865,19225,23234,14991,67887,83940,80092,68043,15331,71914,97805,99317,91277,-751,-756,2858,1391,241,10.810027732,10.992530296,10.894207581,10.674668143,12.578870933,12.328508237,11.046515168,10.769821567,-1.768843201,-1.335977941,-0.152307586,-0.095153424,0.7799333813,2.6454347552,3.6016154346,4.2761985489,13.148084791,16.015708139,15.004451672,12.523258064,13.928018172,18.661142895,18.606067106,16.799456613,5478831,SC,40,32020.49,82933,40,77857,0.9388,21,1959.79,5076,0.0612,30060.7
,States,2023-24,10539.0,97.8,‡. §,,Census,MMR,Rhode Island,97.1,40,1,1,44,1097354,1096530,1097246,1099498,1103429,-824,716,2252,3931,8879,2546,10031,10445,10063,9924,3390,11327,11103,10508,10286,-844,-1296,-658,-445,-362,78,1070,8346,7852,9525,-373,356,-5028,-3281,-305,-295,1426,3318,4571,9220,315,586,-408,-195,21,9.1449628403,9.5095286479,9.1360267499,8.9577418259,10.326487299,10.108597087,9.5400346902,9.2844954072,-1.181524458,-0.599068439,-0.40400794,-0.326753581,0.9754870142,7.5985185347,7.1286974103,8.5975907791,0.324554558,-4.577684063,-2.978764162,-0.275303432,1.3000415722,3.0208344714,4.1499332479,8.3222873473,1112308,RI,50,1544.89,4001,50,2678,0.6692,43,511.07,1324,0.3308,1033.81
,States,2023-24,11043.0,11.5,>=. ‡,,Stratified 2-stage cluster sample,MMR,Delaware,93.8,40,3,5,10,989955,991928,1005062,1020625,1036423,1973,13134,15563,15798,15494,2579,10174,10849,10718,10437,2959,11233,11511,10920,10458,-380,-1059,-662,-202,-21,64,939,3477,5985,7283,2232,13461,12578,9931,8155,2296,14400,16055,15916,15438,57,-207,170,84,77,10.189334949,10.711427777,10.420758291,9.9954988172,11.249931146,11.365033196,10.617156236,10.015610485,-1.060596197,-0.653605419,-0.196397945,-0.020111668,0.9404153251,3.4329094278,5.8190183214,6.9749178774,13.48128934,12.418502957,9.6555841186,7.8100309337,14.421704666,15.851412385,15.47460244,14.784948811,1051917,DE,49,2488.72,6446,49,5047,0.7829,40,540.18,1399,0.2171,1948.54
,States,2023-24,39568.0,100.0,*. ‡,,Census,MMR,Oregon,91.2,40,4,9,41,4237224,4243779,4254280,4247372,4253653,6555,10501,-6908,6281,18718,10281,39659,40450,38835,38788,9566,41952,46451,43502,42519,715,-2293,-6001,-4667,-3731,177,2609,7458,19246,23590,5732,9304,-7730,-8014,-1162,5909,11913,-272,11232,22428,-69,881,-635,-284,21,9.3336607807,9.5157976356,9.1365452989,9.0987311319,9.8733134237,10.927523263,10.234530542,9.9739339228,-0.539652643,-1.411725627,-1.097985243,-0.875202791,0.6140225668,1.7544825406,4.5279245738,5.5336461638,2.1896764897,-1.818470104,-1.885419699,-0.272577229,2.8036990565,-0.063987564,2.6425048744,5.2610689344,4272371,OR,9,98378.54,254799,10,248608,0.9757,20,2390.53,6191,0.0243,95988.01
,States,2023-24,12087.0,93.0,,,Census,MMR,Maine,97.5,40,1,1,23,1363196,1364571,1378931,1390922,1399646,1375,14360,11991,8724,5366,2997,11590,12059,11919,11609,3714,16131,17966,17061,16766,-717,-4541,-5907,-5142,-5157,60,1012,3255,4277,5196,1810,18016,14379,9598,5329,1870,19028,17634,13875,10525,222,-127,264,-9,-2,8.4490552586,8.7073212911,8.5423469344,8.2783711953,11.759422811,12.972529589,12.227618177,11.955824917,-3.310367552,-4.265208298,-3.685271242,-3.677453722,0.7377432202,2.3503052328,3.0653257688,3.7052645991,13.133578908,10.382500443,6.8788863056,3.8001068223,13.871322128,12.732805676,9.9442120744,7.5053714214,1405012,ME,39,35379.74,91633,39,79883,0.8718,12,4536.82,11750,0.1282,30842.92
,States,2023-24,133716.0,94.0,,,"Census (pub.), vol. response (prv.)",MMR,Ohio,89.2,40,2,3,39,11799453,11798905,11767344,11777874,11824034,-548,-31561,10530,46160,59270,32340,128271,128860,128794,126575,33751,146873,149198,131659,127000,-1411,-18602,-20338,-2865,-425,517,9278,40470,51631,62378,-2752,-26839,-4998,-967,-2462,-2235,-17561,35472,50664,59916,3098,4602,-4604,-1639,-221,10.885992081,10.94574703,10.913863405,10.678128434,12.464690499,12.67331651,11.156640387,10.713982312,-1.578698417,-1.727569479,-0.242776982,-0.035853878,0.7873972646,3.4376407133,4.3751547544,5.2623369186,-2.277748996,-0.424544806,-0.081942528,-0.207699405,-1.490351731,3.0130959076,4.2932122267,5.0546375135,11883304,OH,34,44825.58,116098,35,105829,0.9115,14,3964.89,10269,0.0885,40860.69
,States,2023-24,66032.0,99.1,,,Census,MMR,Minnesota,87.0,40,2,4,27,5706692,5710735,5718660,5721621,5753048,4043,7925,2961,31427,40103,16460,63012,64651,63128,61438,12738,51412,53371,49940,49658,3722,11600,11280,13188,11780,295,5523,21405,24328,29540,-1414,-10549,-29472,-5334,-1161,-1119,-5026,-8067,18994,28379,1440,1351,-252,-755,-56,11.026305417,11.302344759,11.003018911,10.642116943,8.9964516932,9.3303652244,8.7043905144,8.6016185933,2.0298537237,1.9719795344,2.2986283962,2.0404983493,0.9664553548,3.7420409516,4.2402966046,5.1168354192,-1.845941977,-5.152320996,-0.92970002,-0.201105143,-0.879486622,-1.410280045,3.3105965845,4.9157302763,5793151,MN,12,86935.83,225163,14,206232,0.9159,9,7309.09,18930,0.0841,79626.74
,States,2023-24,11744.0,99.8,§,,Census,MMR,South Dakota,90.8,40,2,4,46,886729,887948,896492,909723,918305,1219,8544,13231,8582,6364,2832,11064,11254,11171,11311,2021,9769,9207,8525,8723,811,1295,2047,2646,2588,64,1101,2570,1314,1616,325,6124,8253,4536,2132,389,7225,10823,5850,3748,19,24,361,86,28,12.400529018,12.461417938,12.22191345,12.274725525,10.949093273,10.194799622,9.326990615,9.4662214443,1.4514357445,2.2666183151,2.8949228349,2.8085040809,1.2340005828,2.8457298827,1.4376147411,1.7536872468,6.863777992,9.1384469734,4.9627248598,2.313651739,8.0977785748,11.984176856,6.4003396009,4.0673389858,924669,SD,17,77115.68,199729,16,196350,0.9831,29,1304.68,3379,0.0169,75811.0
,States,2023-24,110156.0,100.0,*,,Census,MMR,Michigan,92.1,40,2,3,26,10079338,10072703,10041351,10050877,10083356,-6635,-31352,9526,32479,57103,26588,102780,104459,100976,99589,31068,115239,117941,106040,102444,-4480,-12459,-13482,-5064,-2855,409,7044,33541,55863,67608,-4721,-29240,-8722,-17446,-7656,-4312,-22196,24819,38417,59952,2157,3303,-1811,-874,6,10.219720003,10.397950889,10.030280269,9.8486858192,11.458555297,11.739962338,10.533304149,10.131026218,-1.238835294,-1.342011448,-0.50302388,-0.282340399,0.7004057959,3.3387039008,5.5490566738,6.6859788818,-2.907419857,-0.868196399,-1.732968919,-0.757127179,-2.207014061,2.4705075017,3.8160877546,5.9288517028,10140459,MI,11,96713.51,250487,22,146435,0.5846,2,40174.61,104052,0.4154,56538.9
,States,2023-24,79323.0,95.8,§,,Census,MMR,Tennessee,95.1,40,3,6,47,6912347,6927904,6965740,7062217,7148304,15557,37836,96477,86087,79446,19250,79463,82091,83108,83223,18960,89410,91578,81180,79865,290,-9947,-9487,1928,3358,209,3112,19466,22704,27648,14812,45483,83116,60293,48476,15021,48595,102582,82997,76124,246,-812,3382,1162,-36,11.438755736,11.703913834,11.696685857,11.578003255,12.870633507,13.056498534,11.425337607,11.110837508,-1.431877771,-1.352584699,0.2713482497,0.4671657466,0.4479746278,2.775315037,3.1953789731,3.8463962364,6.5473104104,11.850050581,8.4856846558,6.7439924753,6.9952850383,14.625365618,11.681063629,10.590388712,7227750,TN,36,42144.25,109153,34,106798,0.9784,35,909.36,2355,0.0216,41234.9
,States,2023-24,228213.0,100.0,>=. *,,Census,MMR,Florida,88.1,40,3,5,12,21538192,21592035,21831949,22379312,22904868,53843,239914,547363,525556,467347,50294,207942,221941,224041,220659,56387,250412,260497,231613,227980,-6093,-42470,-38556,-7572,-7321,2842,46853,255915,342211,411322,62600,246571,314467,185067,64017,65442,293424,570382,527278,475339,-5506,-11040,15537,5850,-671,9.5772879798,10.040021252,9.8948904452,9.5364264857,11.533349865,11.784192267,10.22931187,9.8528249933,-1.956061885,-1.744171016,-0.334421425,-0.316398508,2.1579318931,11.576914759,15.11393162,17.77648777,11.35644302,14.225651695,8.1735829157,2.7666825932,13.514374913,25.802566455,23.287514536,20.543170364,23372215,FL,22,65757.7,170312,26,138887,0.8155,3,12132.94,31424,0.1845,53624.76
,States,2023-24,23118.0,100.0,*. ‡,,Census,MMR,Nebraska,93.9,40,2,4,31,1961996,1963387,1964537,1972246,1987864,1391,1150,7709,15618,17601,6046,24411,24248,24611,24443,4450,19527,19385,18408,18308,1596,4884,4863,6203,6135,95,1581,7933,10744,12978,-762,-5984,-4437,-1077,-1498,-667,-4403,3496,9667,11480,462,669,-650,-252,-14,12.429466558,12.318687619,12.429452717,12.241916456,9.9426567316,9.8481425062,9.296711455,9.1692920869,2.4868098263,2.4705451126,3.1327412622,3.0726243693,0.8050053922,4.0301941966,5.4261119009,6.4998401083,-3.046902129,-2.254124751,-0.543924285,-0.750251231,-2.241896737,1.7760694455,4.882187616,5.7495888768,2005465,NE,16,77347.81,200330,15,198974,0.9932,41,523.64,1356,0.0068,76824.17
,States,2023-24,8644.0,88.9,¶,,"Census (pub.), not conducted (prv.)",MMR,Alaska,84.3,40,4,9,2,733395,733017,734420,734442,736510,-378,1403,22,2068,3623,2406,9454,9359,9132,9014,1169,5333,6388,5597,5642,1237,4121,2971,3535,3372,65,873,2818,3391,4029,-1634,-3438,-5832,-4886,-3774,-1569,-2565,-3014,-1495,255,-46,-153,65,28,-4,12.885050602,12.743198476,12.416448667,12.208773549,7.2684551364,8.6978899311,7.6100375811,7.6416574622,5.6165954654,4.045308545,4.8064110862,4.567116087,1.1898296145,3.8369840053,4.6106195172,5.4569723352,-4.68572075,-7.940841277,-6.643316709,-5.111594339,-3.495891135,-4.103857272,-2.032697192,0.3453779959,740133,AK,1,665384.04,1723337,1,1477953,0.8576,1,94743.1,245384,0.1424,570640.95
,States,2023-24,38611.0,100.0,>=. *,,Census,MMR,Iowa,89.1,40,2,4,19,3190546,3191141,3198613,3202820,3218414,595,7472,4207,15594,23074,9104,35887,36825,36475,36301,8028,35432,35586,32979,32472,1076,455,1239,3496,3829,199,3701,10340,16114,19439,-1231,1944,-6290,-3674,-231,-1032,5645,4050,12440,19208,551,1372,-1082,-342,37,11.232670303,11.505236406,11.360744679,11.238870187,11.090254805,11.11813558,10.271857403,10.053403287,0.1424154983,0.3871008257,1.0888872762,1.1854669003,1.1584170533,3.2305266649,5.0189729887,6.018357554,0.6084741291,-1.965184983,-1.144328333,-0.071518113,1.7668911824,1.2653416821,3.8746446555,5.9468394412,3241488,IA,26,56272.81,145746,23,144669,0.9926,45,415.68,1077,0.0074,55857.13
,States,2023-24,5630.0,100.0,*,,Census,MMR,Vermont,92.9,40,1,1,50,643082,642977,647210,648142,648708,-105,4233,932,566,-215,1303,5153,5401,5100,5039,1552,6439,7178,6857,6762,-249,-1286,-1777,-1757,-1723,21,415,1929,1649,2024,-68,4871,1095,773,-511,-47,5286,3024,2422,1513,191,233,-315,-99,-5,7.987989338,8.3390460662,7.8652118595,7.7690350223,9.981498806,11.082701845,10.574854455,10.425523878,-1.993509468,-2.743655779,-2.709642596,-2.656488856,0.6433175966,2.9783410224,2.5430851679,3.1205649703,7.5508434049,1.6906601449,1.1921193662,-0.787850148,8.1941610015,4.6690011673,3.7352045341,2.3327148221,648493,VT,45,9616.36,24906,43,23871,0.9584,46,399.71,1035,0.0416,9216.66
,States,2023-24,569680.0,100.0,*. ‡,,Census,MMR,California,96.2,40,4,9,6,39555674,39521958,39142565,39142414,39198693,-33716,-379393,-151,56279,232570,103133,412507,424071,410377,400601,74572,345285,318719,303733,290135,28561,67222,105352,106644,110466,1372,44127,234953,292721,361057,-67219,-477586,-336707,-344029,-239575,-65847,-433459,-101754,-51308,121482,3570,-13156,-3749,943,622,10.487751893,10.834032414,10.476670951,10.189526241,8.7786714222,8.1425326818,7.7541156011,7.3797574044,1.7090804707,2.691499732,2.7225553502,2.8097688367,1.1219034532,6.0025052827,7.4729860532,9.1837009295,-12.14234783,-8.602084443,-8.782847554,-6.093733538,-11.02044437,-2.599579161,-1.309861501,3.0899673911,39431263,CA,3,163694.74,423967,3,403466,0.9516,6,7915.52,20501,0.0484,155779.22
,States,2023-24,34178.0,37.1,†. ‡. §,,Stratified 1-stage cluster sample,MMR,Kansas,90.4,40,2,4,20,2937745,2938172,2938338,2937324,2951500,427,166,-1014,14176,19106,8510,34168,34399,34698,33963,6966,32753,33207,30190,28731,1544,1415,1192,4508,5232,134,2072,6062,15340,18530,-1882,-4854,-7128,-5358,-4701,-1748,-2782,-1066,9982,13829,631,1533,-1140,-314,45,11.628670759,11.708978495,11.784356265,11.469906145,11.147092407,11.30323698,10.253320527,9.7029671539,0.4815783518,0.4057415147,1.5310357382,1.766938991,0.7051804557,2.0634270658,5.2098687276,6.2579089263,-1.652000933,-2.426279796,-1.819718164,-1.587610894,-0.946820477,-0.36285273,3.3901505632,4.6702980325,2970606,KS,15,82278.36,213100,13,211754,0.9937,42,519.64,1346,0.0063,81758.72
,States,2023-24,63224.0,100.0,>=. *. ‡,,Census,MMR,Maryland,96.6,40,3,5,24,6181629,6177935,6179403,6192440,6217062,-3694,1468,13037,24622,46158,17156,67431,69084,67587,65609,16945,59001,57638,53835,54005,211,8430,11446,13752,11604,505,9038,47782,43758,53100,-5487,-17763,-45928,-32748,-18509,-4982,-8725,1854,11010,34591,1077,1763,-263,-140,-37,10.913515516,11.167939975,10.892781999,10.514025244,9.5491439985,9.3176093489,8.6764158626,8.6544518786,1.3643715176,1.8503306258,2.2163661362,1.8595733654,1.4627745879,7.7243139927,7.0523377973,8.5094231044,-2.874891016,-7.424601169,-5.277891087,-2.966118875,-1.412116428,0.2997128237,1.7744467103,5.5433042298,6263220,MD,42,12405.93,32131,42,25142,0.7825,18,2698.69,6990,0.2175,9707.24
,States,2023-24,51839.0,100.0,*,,Census,MMR,Louisiana,92.4,40,3,7,22,4657874,4652301,4627971,4593687,4588071,-5573,-24330,-34284,-5616,9669,13555,57028,56482,56594,53787,14800,56843,56802,50209,49828,-1245,185,-320,6385,3959,193,3186,13341,19250,23142,-5044,-27819,-47984,-31236,-17405,-4851,-24633,-34643,-11986,5737,523,118,679,-15,-27,12.290157013,12.249857889,12.327486741,11.710887585,12.250287492,12.319259725,10.936685545,10.848905992,0.0398695211,-0.069401836,1.3908011952,0.8619815931,0.686617806,2.8934059363,4.1930967904,5.0386405729,-5.995298414,-10.40680537,-6.803925784,-3.789540194,-5.308680608,-7.513399434,-2.610828994,1.2491003788,4597740,LA,31,52378.13,135659,33,111898,0.8248,5,9174.23,23761,0.1752,43203.9
,States,2023-24,69014.0,100.0,*,,Census,MMR,Missouri,90.4,40,2,4,29,6154854,6154744,6171374,6179414,6208038,-110,16630,8040,28624,37428,17239,68821,68942,68424,67589,16737,75335,75622,68514,66068,502,-6514,-6680,-90,1521,270,3856,11763,19460,23569,-1059,17206,4160,9638,12289,-789,21062,15923,29098,35858,177,2082,-1203,-384,49,11.166694981,11.163984031,11.047308195,10.854615697,12.223637645,12.245696388,11.061839029,10.610347096,-1.056942664,-1.081712357,-0.014530833,0.244268601,0.6256633273,1.9048177331,3.1418890665,3.7851194331,2.7917954379,0.6736412284,1.5560907925,1.9735810901,3.4174587652,2.5784589615,4.697979859,5.7587005232,6245466,MO,21,69706.99,180540,18,178040,0.9861,32,965.47,2501,0.0139,68741.52
,States,2023-24,381421.0,92.4,‡. §,,"Census (pub.), vol. response (prv.)",MMR,Texas,94.3,40,3,7,48,29149458,29239570,29570351,30113488,30727890,90112,330781,543137,614402,562941,88268,364918,384352,390966,388115,55696,270489,261155,232364,229362,32572,94429,123197,158602,158753,1955,43476,193143,262618,319569,53751,195564,222154,190994,85267,55706,239040,415297,453612,404836,1834,-2688,4643,2188,-648,12.410082986,12.879600456,12.851977153,12.516059465,9.1987540674,8.7512802251,7.6383542792,7.3965407961,3.2113289185,4.1283202309,5.2136228736,5.1195186692,1.4785260467,6.4722043098,8.6328748175,10.305565637,6.6507145963,7.4443602731,6.2784245288,2.7497181053,8.1292406429,13.916564583,14.911299346,13.055283742,31290831,TX,2,268596.46,695662,2,676587,0.9726,8,7364.75,19075,0.0274,261231.71
,States,2023-24,61662.0,100.0,*,,Census,MMR,Colorado,88.3,40,4,8,8,5775324,5787129,5814036,5850935,5901339,11805,26907,36899,50404,56154,15593,62138,62659,62309,62497,11905,46475,49577,45275,45203,3688,15663,13082,17034,17294,240,3911,18507,27177,33227,7365,5817,6227,6341,5422,7605,9728,24734,33518,38649,512,1516,-917,-148,211,10.712372421,10.743104291,10.603735073,10.540161122,8.0121263683,8.5001497218,7.7048918363,7.62351638,2.7002460529,2.2429545689,2.8988432366,2.9166447421,0.6742426299,3.1730897574,4.6249772597,5.603755918,1.0028303192,1.0676408883,1.0791103067,0.91442395,1.6770729491,4.2407306456,5.7040875664,6.518179868,5957493,CO,8,104093.67,269601,8,268431,0.9957,44,451.78,1170,0.0043,103641.89
,States,2023-24,37535.0,95.4,,,"Census (pub.), vol. response (prv.)",MMR,Arkansas,92.5,40,3,7,5,3011553,3014546,3026870,3047704,3069463,2993,12324,20834,21759,18891,8509,34928,36115,35298,35161,8466,40117,40295,36414,35888,43,-5189,-4180,-1116,-727,95,1347,6177,4966,6152,2601,15880,18873,17821,13465,2696,17227,25050,22787,19617,254,286,-36,88,1,11.562852153,11.89054574,11.540636376,11.419956131,13.280661355,13.266773933,11.905511162,11.656078769,-1.717809202,-1.376228193,-0.364874786,-0.236122639,0.4459219494,2.0337228586,1.6236274079,1.9981106941,5.2570456992,6.2137690643,5.8265533702,4.3733030715,5.7029676486,8.2474919229,7.4501807781,6.3714137656,3088354,AR,29,53178.55,137732,27,134771,0.9785,31,1143.07,2961,0.0215,52035.48
,States,2023-24,13995.0,8.2,,,Stratified 2-stage cluster sample,MMR,Hawaii,89.8,40,4,9,15,1455252,1451252,1447029,1440359,1441387,-4000,-4223,-6670,1028,4759,3836,15528,15730,15254,14682,2837,12169,13440,12913,12411,999,3359,2290,2341,2271,119,2047,6833,9843,11893,-4736,-9831,-15833,-11033,-9321,-4617,-7784,-9000,-1190,2572,-382,202,40,-123,-84,10.715317114,10.895660715,10.586637407,10.16923443,8.3973914193,9.309452003,8.9619279423,8.5962653933,2.3179256946,1.5862087118,1.6247094643,1.5729690362,1.4125614459,4.7329974357,6.8312752061,8.2374816149,-6.784021287,-10.96700547,-7.6571634,-6.456030113,-5.371459841,-6.234008038,-0.825888194,1.781451502,1446146,HI,43,10931.72,28313,47,16635,0.5875,13,4509.09,11678,0.4125,6422.63
,States,2023-24,52609.0,100.0,>=. *. ‡. §,,Census,MMR,Kentucky,90.0,40,3,6,21,4506302,4508318,4507583,4519233,4550595,2016,-735,11650,31362,37777,12579,51363,52300,52506,52248,12784,58350,61278,54405,53140,-205,-6987,-8978,-1899,-892,119,1755,11149,26161,31430,1047,2704,10439,7297,7294,1166,4459,21588,33458,38724,1055,1793,-960,-197,-55,11.393869564,11.587696038,11.578168847,11.434115037,12.943797852,13.576880264,11.996919897,11.629323095,-1.549928288,-1.989184226,-0.41875105,-0.195208058,0.3893121719,2.4701954709,5.7687973796,6.8782390833,0.5998291241,2.3128864042,1.6090713076,1.5962416759,0.989141296,4.7830818752,7.3778686873,8.4744807591,4588372,KY,37,40407.8,104656,37,102269,0.9772,34,921.46,2387,0.0228,39486.34
,States,2023-24,36105.0,100.0,>=. *,,Census,MMR,Mississippi,97.5,40,3,6,28,2961278,2958536,2947209,2941939,2943172,-2742,-11327,-5270,1233,-127,8503,35004,34925,35064,33859,9649,41641,40616,35781,35843,-1146,-6637,-5691,-717,-1984,58,632,6869,5620,6789,-2054,-5802,-5877,-3481,-4939,-1996,-5170,992,2139,1850,400,480,-571,-189,7,11.854219916,11.86079888,11.916172864,11.504502807,14.101861831,13.793506293,12.159838616,12.178619986,-2.247641915,-1.932707414,-0.243665752,-0.674117179,0.214028882,2.3327652829,1.9099045031,2.3067447225,-1.964866414,-1.995874446,-1.182985334,-1.678157635,-1.750837532,0.3368908372,0.7269191694,0.6285870874,2943045,MS,32,48431.78,125438,31,121531,0.9689,25,1508.51,3907,0.0311,46923.27
,States,2023-24,62028.0,98.2,‡. §,,Census,MMR,Wisconsin,84.8,40,2,3,55,5894170,5897375,5881608,5903975,5930405,3205,-15767,22367,26430,30570,15554,60035,60782,60148,59445,14164,61984,63549,58788,57405,1390,-1949,-2767,1360,2040,214,3189,19693,18247,22146,42,-18603,7502,7685,6332,256,-15414,27195,25932,28478,1559,1596,-2061,-862,52,10.193579531,10.314636111,10.164960057,9.9979985502,10.524507931,10.784192857,9.9351212315,9.654892872,-0.3309284,-0.469556746,0.2298388255,0.3431056782,0.5414728929,3.3418796508,3.0837272422,3.7247148775,-3.158676772,1.273080848,1.2987583633,1.064973115,-2.617203879,4.6149604988,4.3824856055,4.7896879925,5960975,WI,23,65496.38,169635,25,140268,0.8269,4,11338.57,29367,0.1731,54157.8
,States,2023-24,200894.0,98.8,,,Census,MMR,New York,97.7,40,1,2,36,20203772,20105171,19848276,19703747,19737367,-98601,-256895,-144529,33620,129881,53056,205414,209913,205888,205289,72834,177162,176582,166424,161588,-19778,28252,33331,39464,43701,1339,28775,111670,170450,207161,-72672,-300058,-295669,-176893,-120917,-71333,-271283,-183999,-6443,86244,-7490,-13864,6139,599,-64,10.282667225,10.614526595,10.440273061,10.366923148,8.8684212904,8.9291007947,8.4391125464,8.1600591244,1.4142459348,1.6854257998,2.0011605149,2.2068640233,1.4404264043,5.6467402439,8.643264995,10.461457585,-15.0203811,-14.95089139,-8.969979905,-6.106207572,-13.57995469,-9.304151143,-0.32671491,4.3552500132,19867248,NY,27,54554.98,141297,30,122057,0.8638,7,7428.58,19240,0.1362,47126.4
,States,2023-24,54565.0,100.0,>=. *,,Census,MMR,Alabama,93.8,40,3,6,1,5025369,5033094,5049196,5076181,5117673,7725,16102,26985,41492,40026,13867,57184,58103,58528,57541,15146,69134,67246,60059,59273,-1279,-11950,-9143,-1531,-1732,133,1804,8155,12995,15763,9757,25175,28226,29946,26028,9890,26979,36381,42941,41791,-886,1073,-253,82,-33,11.343454711,11.476708472,11.4829975,11.199789166,13.713947923,13.28266592,11.783374571,11.536905914,-2.370493211,-1.805957447,-0.30037707,-0.337116749,0.3578552095,1.6108042199,2.5495754599,3.0681127652,4.9939051545,5.575298579,5.8753048651,5.0660939575,5.351760364,7.1861027989,8.4248803249,8.1342067226,5157699,AL,30,52420.07,135767,28,131171,0.9661,23,1774.74,4597,0.0339,50645.33
,States,2023-24,36184.0,100.0,*,,Census,MMR,Connecticut,97.7,40,1,1,9,3607701,3579918,3606607,3617925,3643023,-27783,26689,11318,25098,32046,8465,33942,35637,35115,34609,11949,34586,34874,32977,32778,-3484,-644,763,2138,1831,408,6215,22355,29968,36214,-20684,19406,-10406,-6462,-6060,-20276,25621,11949,23506,30154,-4023,1712,-1394,-546,61,9.4460118068,9.8655525368,9.6722907257,9.4584763351,9.625236119,9.6543277821,9.0833869076,8.958072678,-0.179224312,0.2112247548,0.5889038181,0.5004036571,1.7296259319,6.1886361636,8.2545695135,9.897115259,5.4006630465,-2.880740233,-1.779932868,-1.656169395,7.1302889783,3.3078959301,6.4746366452,8.240945864,3675069,CT,48,5543.41,14357,48,12542,0.8735,38,701.06,1816,0.1265,4842.36
,States,2023-24,22376.0,100.0,*,,Census,MMR,Idaho,79.6,40,4,8,16,1839140,1849415,1904848,1944299,1971122,10275,55433,39451,26823,30497,5467,21850,22384,22334,22830,3623,17115,18941,16798,16635,1844,4735,3443,5536,6195,58,698,6955,6419,7899,8891,51978,28368,14730,16383,8949,52676,35323,21149,24282,-518,-1978,685,138,20,11.640100867,11.630628812,11.408224045,11.493324131,9.1176350724,9.8416610226,8.5804310699,8.374570605,2.5224657942,1.7889677895,2.8277929755,3.1187535256,0.3718439545,3.6137876782,3.2788300415,3.9765995317,27.690121869,14.739889123,7.5240951101,8.2477060548,28.061965824,18.353676802,10.802925152,12.224305586,2001619,ID,14,83568.95,216443,11,214045,0.9889,33,925.83,2398,0.0111,82643.12
,States,2023-24,9674.0,97.8,,,Census,MMR,North Dakota,91.0,40,2,4,38,779046,779563,777966,781057,789047,517,-1597,3091,7990,7521,2563,10021,9800,9721,9592,1745,7758,7334,6907,6867,818,2263,2466,2814,2725,30,453,3287,4269,5126,-438,-3966,-2667,912,-291,-408,-3513,620,5181,4835,107,-347,5,-5,-39,12.867818192,12.571976167,12.382619241,12.098775554,9.9619332931,9.40845645,8.7981433077,8.661623408,2.9058848985,3.1635197172,3.5844759328,3.437152146,0.5816906138,4.2167434348,5.4378563458,6.4656300552,-5.092682062,-3.421373514,1.1617064857,-0.367050009,-4.510991449,0.7953699208,6.5995628315,6.0985800462,796568,ND,19,70698.32,183108,17,178711,0.976,24,1697.52,4397,0.024,69000.8
,States,2023-24,105408.0,100.0,>=. §. *,,Census,MMR,New Jersey,93.2,40,1,2,34,9289014,9272794,9270541,9295227,9379642,-16220,-2253,24686,84415,121209,24722,98005,102676,102459,101199,33991,84007,82754,77131,75189,-9269,13998,19922,25328,26010,901,14743,72909,107943,130692,-9110,-32628,-66769,-48148,-35554,-8209,-17885,6140,59795,95138,1258,1634,-1376,-708,61,10.570374747,11.060786712,10.972928378,10.719953128,9.0606139618,8.9146864272,8.2604060034,7.9647284634,1.5097607847,2.1461002852,2.7125223743,2.7552246649,1.5901131053,7.8541324011,11.560241734,13.844130024,-3.519108078,-7.192700027,-5.156448487,-3.766215215,-1.928994973,0.6614323738,6.4037932475,10.077914809,9500851,NJ,47,8722.58,22591,46,19047,0.8431,27,1368.36,3544,0.1569,7354.22
,States,2023-24,18261.0,82.8,‡. §,,Vol. response,MMR,West Virginia,98.3,40,3,5,54,1793736,1791646,1785618,1774122,1770495,-2090,-6028,-11496,-3627,-516,4296,17056,17028,16895,16680,5861,27577,29906,25911,24524,-1565,-10521,-12878,-9016,-7844,36,727,1673,2320,2841,-793,2984,289,3296,4520,-757,3711,1962,5616,7361,232,782,-580,-227,-33,9.5357792995,9.5669908476,9.5327647529,9.4224671612,15.417928339,16.802350733,14.619915212,13.85351227,-5.882149039,-7.235359886,-5.087150459,-4.431045109,0.4064558836,0.9399562889,1.3090271812,1.6048698564,1.6683141082,0.1623714091,1.8597213747,2.5533304298,2.0747699918,1.1023276981,3.1687485559,4.1582002862,1769979,WV,41,24230.04,62756,41,62259,0.9921,50,191.83,497,0.0079,24038.21
,States,2023-24,136943.0,100.0,>=. *,,Census,MMR,Georgia,88.4,40,3,5,13,10713755,10732888,10792060,10931805,11064432,19133,59172,139745,132627,116446,29847,121274,125616,126127,125502,24783,109479,110352,98278,97250,5064,11795,15264,27849,28252,731,10157,44634,51941,63088,11925,36384,79891,52290,25321,12656,46541,124525,104231,88409,1413,836,-44,547,-215,11.268226989,11.564792913,11.468052467,11.283457052,10.172289383,10.159518115,8.9358920801,8.7434160279,1.0959376069,1.405274798,2.5321603873,2.5400410244,0.9437421173,4.1092135308,4.7227168902,5.6720270475,3.3806353446,7.3551368506,4.7544495906,2.2765248046,4.3243774619,11.464350381,9.4771664808,7.9485518521,11180878,GA,24,59425.15,153910,21,148959,0.9678,22,1911.66,4951,0.0322,57513.49
,States,2023-24,133578.0,100.0,*,,Census,MMR,Illinois,91.6,40,2,3,17,12821814,12799088,12700641,12621821,12642259,-22726,-98447,-78820,20438,67899,33452,131890,129795,127001,125355,35280,128378,127015,116911,114343,-1828,3512,2780,10090,11012,508,11421,60951,92822,112955,-22335,-114221,-143390,-81875,-56235,-21827,-102800,-82439,10947,56720,929,841,839,-599,167,10.34442366,10.251372872,10.053878867,9.8889979602,10.068969753,10.031804964,9.2551163549,9.0202839437,0.2754539078,0.2195679077,0.7987625118,0.8687140165,0.8957742257,4.8139868864,7.3481401262,8.9107874803,-8.958605011,-11.32512313,-6.481534257,-4.436263414,-8.062830785,-6.511136239,0.8666058689,4.4745240661,12710158,IL,25,57913.55,149995,24,143793,0.9587,19,2394.62,6202,0.0413,55518.93
,States,2023-24,11871.0,100.0,>=. §. *,,Census,MMR,New Hampshire,89.2,40,1,1,33,1377546,1378756,1387677,1396678,1402199,1210,8921,9001,5521,6833,2994,12044,12283,12093,11777,3502,13728,14714,14322,14140,-508,-1684,-2431,-2229,-2363,88,1542,1538,3480,4290,1272,8528,10011,4470,4889,1360,10070,11549,7950,9179,358,535,-117,-200,17,8.7072414188,8.8228692103,8.6413229306,8.378535951,9.9246936398,10.569054593,10.234104607,10.059650025,-1.217452221,-1.746185382,-1.592781676,-1.681114074,1.1147929482,1.1047441867,2.4867116347,3.0520437488,6.1653399884,7.1908934026,3.1941382204,3.4781915823,7.2801329365,8.2956375893,5.6808498551,6.5302353311,1409032,NH,46,9349.16,24214,44,23187,0.9576,47,396.51,1027,0.0424,8952.65
,States,2023-24,125964.0,90.8,§. ‡,,"Census (pub.), vol. response (prv.)",MMR,North Carolina,93.8,40,3,5,37,10441499,10449652,10564320,10710793,10881189,8153,114668,146473,170396,164835,28675,116747,121588,121223,121281,25880,115533,118218,108857,108649,2795,1214,3370,12366,12632,683,9924,43024,57839,69792,8159,103202,99380,98981,82288,8842,113126,142404,156820,152080,-3484,328,699,1210,123,11.11136914,11.43006855,11.22851992,11.06214456,10.995826967,11.113266472,10.083094734,9.9099689505,0.1155421736,0.3168020776,1.1454251861,1.1521756094,0.9445144402,4.0445378598,5.3574516689,6.3657884839,9.8222268498,9.3423710605,9.1683107183,7.5055594161,10.76674129,13.38690892,14.525762387,13.8713479,11046024,NC,28,53819.16,139391,29,125920,0.9034,10,5201.25,13471,0.0966,48617.91
,States,2023-24,6754.0,100.0,*,,Census,MMR,Wyoming,93.5,40,4,8,56,576844,577681,579636,581978,585067,837,1955,2342,3089,2551,1584,6164,6122,6057,6037,1286,6170,6728,5706,5634,298,-6,-606,351,403,18,137,551,1037,1285,445,1809,2449,1741,861,463,1946,3000,2778,2146,76,15,-52,-40,2,10.652224067,10.540506571,10.380062465,10.296030051,10.662592876,11.583882426,9.7785432438,9.6087184538,-0.01036881,-1.043375855,0.6015192216,0.6873115969,0.2367544934,0.9486800262,1.7771379853,2.191551866,3.1261961934,4.2165469769,2.9836038885,1.4684250246,3.3629506868,5.1652270031,4.7607418737,3.6599768906,587618,WY,10,97813.01,253335,9,251470,0.9926,37,719.87,1864,0.0074,97093.14
,States,2023-24,137593.0,96.5,,,Census,MMR,Pennsylvania,93.5,40,1,2,42,13002909,12996143,13015571,12984990,13017721,-6766,19428,-30581,32731,61030,32903,130247,131688,129235,127571,40308,155702,155242,141059,136882,-7405,-25455,-23554,-11824,-9311,627,10198,37940,68035,82101,-3580,28184,-40405,-21730,-11500,-2953,38382,-2465,46305,70601,3592,6501,-4562,-1750,-260,10.014488088,10.129627588,9.9401173978,9.7768771196,11.971683219,11.941434648,10.849561032,10.490460166,-1.957195131,-1.811807061,-0.909443635,-0.713583047,0.7841082675,2.9183985684,5.2329159063,6.2921148882,2.1670236725,-3.108009862,-1.67136419,-0.881345187,2.95113194,-0.189611293,3.5615517167,5.410769701,13078751,PA,33,46054.34,119280,32,115883,0.9715,28,1311.64,3397,0.0285,44742.7
